ID,‘º–¼,‚©‚È,Œ»ZŠ,‹à,‰i,‹~–à,‹~Ï‹à(‰i‘KŠ·ŽZ),’×‰Æ(Œ¬),‘å”j(Œ¬),¢‹‡ŽÒ,–{’×,”¼’×,‰Æ”(•¶‰»”NŠÔ),l”(•¶‰»”NŠÔ),’×‰Æ—¦,‘å”j—¦,–{’×—¦,”¼’×—¦,”íŠQ—¦,X,Y
1,œA£‘º,‚Ð‚ë‚¹,ŽR—œŒ§“JŽsÎ˜a’¬L£,2—¼1•ª,186•¶6•ª,1Î2“l,2436.6,4,4,4,0,4,56,207,7.1,7.1,0,7.1,3.6,138.625005,35.640156
2,“‚”‘º,‚©‚ç‚©‚µ‚í,ŽR—œŒ§“JŽsÎ˜a’¬“‚”,9—¼1•ª,106•¶9•ª,9“l,9356.9,2,5,5,2,0,75,299,2.7,6.7,2.7,0,2.7,138.618075,35.636843
3,“Œ‚‹´‘º,‚Ð‚ª‚µ‚½‚©‚Í‚µ,ŽR—œŒ§“JŽsÎ˜a’¬“Œ‚‹´,3—¼2•ª,201•¶3•ª,1Î5“l,3701.3,4,7,7,2,2,40,145,10,17.5,5,5,7.5,138.6091,35.634174
4,¡ˆä‘º,‚¢‚Ü‚¢,ŽR—œŒ§“JŽsÎ˜a’¬¡ˆä,5—¼1•ª,1•¶6•ª,1Î8“l,5251.6,7,4,4,2,5,31,112,22.6,12.9,6.5,16.1,14.5,138.611128,35.630495
5,“Œ–ûì‘º,‚Ð‚ª‚µ‚ ‚Ô‚ç‚©‚í,ŽR—œŒ§“JŽsÎ˜a’¬“Œ–ûì,10—¼1•ª,21•¶8•ª,3Î7“l,10271.8,17,3,3,1,16,43,169,39.5,7,2.3,37.2,20.9,138.603982,35.623126
6,ˆäŒË‘º,‚¢‚Ç,ŽR—œŒ§“JŽsÎ˜a’¬ˆäŒË,13—¼,133•¶3•ª,3Î8“l,13133.3,17,4,4,6,11,48,181,35.4,8.3,12.5,22.9,24,138.603832,35.622245
7,»Œ´‘º,‚·‚È‚Í‚ç,ŽR—œŒ§“JŽsÎ˜a’¬»Œ´,10—¼2•ª,95•¶5•ª,3Î8“l,10595.5,14,10,10,4,10,55,210,25.5,18.2,7.3,18.2,16.4,138.612748,35.622646
8,‘å’Ø‘º,‚¨‚¨‚Â‚Ú,ŽR—œŒ§“JŽs‹«ì’¬‘å’Ø,7—¼,32•¶9•ª,2Î4“l,7032.9,9,6,6,3,6,48,188,18.8,12.5,6.3,12.5,12.5,138.610248,35.610976
9,Î‹´‘º,‚¢‚µ‚Î‚µ,ŽR—œŒ§“JŽs‹«ì’¬Î‹´,4—¼,79•¶3•ª,1Î7“l,4079.3,7,3,3,0,7,105,381,6.7,2.9,0,6.7,3.3,138.618659,35.603658
10,‰iˆä‘º,‚È‚ª‚¢,ŽR—œŒ§“JŽs”ª‘ã’¬‰iˆä,6—¼2•ª,200•¶7•ª,3Î3“l,6700.7,11,11,11,0,11,95,317,11.6,11.6,0,11.6,5.8,138.632103,35.611953
11,‘—˜‘º,‚Ü‚³‚è,ŽR—œŒ§“JŽs”ª‘ã’¬‘—˜,12—¼,238•¶,4Î7“l,12238,19,9,9,2,17,56,171,33.9,16.1,3.6,30.4,18.8,138.620494,35.617195
12,‘åŠÔ“c‘º,‚¨‚¨‚Ü‚¾,ŽR—œŒ§“JŽs”ª‘ã’¬‘åŠÔ“c,4—¼2•ª,188•¶5•ª,1Î8“l,4688.5,7,4,4,1,6,23,115,30.4,17.4,4.3,26.1,17.4,138.623133,35.620971
13,¬Î˜a‘º“ì‘g,‚±‚¢‚³‚í‚Ý‚È‚Ý‚®‚Ý,ŽR—œŒ§“JŽsÎ˜a’¬¬Î˜a,4—¼,171•¶7•ª,1Î9“l,4171.7,7,5,5,1,12,99,384,13.1,9.1,1,12.1,7.1,138.6231281,35.62798279
14,¬Î˜a‘º–k‘g,‚±‚¢‚³‚í‚«‚½‚®‚Ý,ŽR—œŒ§“JŽsÎ˜a’¬¬Î˜a,4—¼,125•¶6•ª,1Î6“l,4125.6,6,4,4,0,7,-,-,-,-,-,-,-,-,-
15,‰Í“à‘º,‚±‚¤‚¿,ŽR—œŒ§“JŽsÎ˜a’¬‰Í“à,4—¼,125•¶6•ª,1Î6“l,4125.6,6,4,4,1,5,42,154,14.3,9.5,2.4,11.9,8.3,138.614561,35.628777
16,¼–ûì‘º,‚É‚µ‚ ‚Ô‚ç‚©‚í,ŽR—œŒ§b•{Žs¼–ûì’¬,8—¼,20•¶3•ª,2Î3“l,8020.3,10,3,3,4,6,27,199,37,11.1,14.8,22.2,25.9,138.596547,35.623788
17,ãˆ¢Œ´‘º,‚©‚Ý‚ ‚Í‚ç,ŽR—œŒ§b•{Žsãˆ¢Œ´’¬,2•ª,247•¶8•ª,6“l,747.8,1,4,4,0,1,39,166,2.6,10.3,0,2.6,1.3,138.607222,35.646015
18,‰º’b–è‰®‘º,‚µ‚à‚©‚¶‚â,ŽR—œŒ§b•{Žs‰º’b–è‰®’¬,15—¼3•ª,198•¶3•ª,4Î2“l,15948.3,19,4,4,9,10,44,203,43.2,9.1,20.5,22.7,31.8,138.583222,35.620169
19,ã‘º,‚©‚ñ,ŽR—œŒ§b•{Žsã’¬,13—¼1•ª,68•¶2•ª,4Î,13318.2,16,8,8,7,9,57,209,28.1,14,12.3,15.8,20.2,138.583737,35.631393
20,‘’Ø‘º,‚Ü‚·‚Â‚Ú,ŽR—œŒ§b•{Žs‘’Ø’¬,8—¼,66•¶5•ª,2Î4“l,8066.5,10,4,4,4,6,37,139,27,10.8,10.8,16.2,18.9,138.592899,35.630599
21,’†‘º,‚È‚©,ŽR—œŒ§b•{Žs’†’¬,3—¼3•ª,237•¶1•ª,1Î1“l,5987.1,5,1,1,5,0,11,31,45.5,9.1,45.5,0,45.5,138.573148,35.614858
22,¬‹È‘º,‚¨‚Ü‚ª‚è,ŽR—œŒ§b•{Žs¬‹È’¬,13—¼,133•¶5•ª,3Î4“l,13133.5,15,4,4,8,7,38,136,39.5,10.5,21.1,18.4,30.3,138.581827,35.609598
23,ã¡ˆä‘º,‚©‚Ý‚¢‚Ü‚¢,ŽR—œŒ§b•{Žsã¡ˆä’¬,24—¼2•ª,32•¶1•ª,5Î7“l,24532.1,25,7,7,18,7,89,360,28.1,7.9,20.2,7.9,24.2,138.581199,35.61983384
24,‰º¡ˆä‘º,‚µ‚à‚¢‚Ü‚¢,ŽR—œŒ§b•{Žs‰º¡ˆä’¬,5—¼,66•¶9•ª,1Î2“l,5066.9,6,0,0,3,3,22,93,27.3,0,13.6,13.6,20.5,138.581532,35.613959
25,—Ž‡‘º,‚¨‚¿‚ ‚¢,ŽR—œŒ§b•{Žs—Ž‡’¬,14—¼1•ª,9•¶2•ª,4Î2“l,14259.2,19,4,4,6,13,40,163,47.5,10,15,32.5,31.3,138.584536,35.615302
26,–H‘ò‘º,‚æ‚à‚¬‚³‚í,ŽR—œŒ§b•{Žs–H‘òˆê’š–Ú,7—¼2•ª,3•¶7•ª,2Î,7503.7,8,4,4,5,3,42,161,19,9.5,11.9,7.1,15.5,138.59291,35.642885
27,‘‹Ê‘º,‚­‚¾‚Ü,ŽR—œŒ§b•{Žs‘‹Ê’¬,4—¼2•ª,234•¶6•ª,2Î1“l,4734.6,8,5,5,0,8,38,151,21.1,13.2,0,21.1,10.5,138.598296,35.651656
28,—¢‹g‘º,‚³‚Æ‚æ‚µ,ŽR—œŒ§b•{Žs—¢‹gˆê’š–Ú,3—¼2•ª,62•¶5•ª,1Î6“l,3562.5,6,4,4,0,6,40,163,15,10,0,15,7.5,138.58879,35.649546
29,¬£‘º,‚±‚¹,ŽR—œŒ§b•{Žs¬£’¬,12—¼,7•¶5•ª,3Î2“l,12007.5,14,4,4,7,7,44,160,31.8,9.1,15.9,15.9,23.9,138.579108,35.627983
30,‰³•‘º,‚¨‚Æ‚®‚ë,ŽR—œŒ§’†‰›Žs‰³•,51—¼,232•¶2•ª,10Î8“l,51232.2,54,0,0,37,17,56,240,96.4,0,66.1,30.4,81.3,138.543761,35.593023
31,‘å’Ã‘º,‚¨‚¨‚Â,ŽR—œŒ§b•{Žs‘å’Ã’¬,53—¼1•ª,233•¶,13Î6“l,53483,68,0,0,27,41,78,328,87.2,0,34.6,52.6,60.9,138.5684112,35.60100176
32,’†|‘º,‚È‚©‚¾‚Ä,ŽR—œŒ§’†‰›Žs’†|,23—¼2•ª,192•¶,4Î7“l,23692,23,1,1,19,4,33,132,69.7,3,57.6,12.1,63.6,138.5499955,35.61083295
33,‹ÉŠyŽ›‘º,‚²‚­‚ç‚­‚¶,ŽR—œŒ§’†‰›Žs‹ÉŠyŽ›,29—¼1•ª,25•¶4•ª,6Î4“l,29275.4,32,0,0,20,12,34,140,94.1,0,58.8,35.3,76.5,138.556603,35.59806984
34,ŠÖŒû‘º,‚¹‚«‚®‚¿,ŽR—œŒ§b•{Žs‘å—¢’¬,9—¼,7•¶6•ª,2Î4“l,9007.6,12,0,0,4,8,17,49,70.6,0,23.5,47.1,47.1,138.563738,35.620091
35,ŒÃŽsê‘º,‚Ó‚é‚¢‚¿‚Î,ŽR—œŒ§b•{Žs‘å—¢’¬,3—¼2•ª,190•¶7•ª,2Î6“l4¡,3690.7,7,1,0,0,7,11,31,63.6,9.1,0,63.6,31.8,138.558674,35.618512
36,‚Žº‘º,‚½‚©‚Þ‚ë,ŽR—œŒ§b•{Žs‚Žº’¬,13—¼2•ª,11•¶4•ª,3Î6“l,12511.4,18,0,0,4,14,25,95,72,0,16,56,44,138.557623,35.609999
37,‹{Œ´‘º,‚Ý‚â‚Î‚ç,ŽR—œŒ§b•{Žs‹{Œ´’¬,12—¼3•ª,198•¶2•ª,4Î,12948.2,20,0,0,3,17,45,136,44.4,0,6.7,37.8,25.6,138.5592,35.614953
38,“ñ“úŽsê‘º,‚Ó‚Â‚©‚¢‚¿‚Î,ŽR—œŒ§b•{Žs‘å—¢’¬,11—¼3•ª,17•¶6•ª,4Î3“l,11767.6,16,11,11,4,12,42,127,38.1,26.2,9.5,28.6,23.8,138.56486,35.622576
39,‰~–žŽ›‘º,‚¦‚ñ‚Ü‚ñ‚¶,ŽR—œŒ§b•{Žs‘å—¢’¬,1—¼2•ª,188•¶9•ª,6“l,1688.9,3,0,0,0,3,11,31,27.3,0,0,27.3,13.6,138.558117,35.622724
40,¼‰ºð‘º,‚É‚µ‚µ‚à‚¶‚å‚¤,ŽR—œŒ§b•{Žs¼‰ºð’¬,8—¼3•ª,18•¶1•ª,2Î9“l,8768.1,11,7,7,4,7,69,296,15.9,10.1,5.8,10.1,10.9,138.569961,35.606091
41,–x”V“à‘º,‚Ù‚è‚Ì‚¤‚¿,ŽR—œŒ§b•{Žs–x”V“à’¬,6—¼3•ª,5•¶7•ª,1Î8“l,6755.7,9,0,0,3,6,32,139,28.1,0,9.4,18.8,18.8,138.559919,35.61211
42,’¬”V“c‘º,‚Ü‚¿‚Ì‚½,ŽR—œŒ§’†‰›Žs’¬”V“c,9—¼,53•¶8•ª,2Î5“l,9053.8,12,1,1,4,8,17,61,70.6,5.9,23.5,47.1,47.1,138.540403,35.593477
43,’†ð‘º,‚È‚©‚¶‚å‚¤,ŽR—œŒ§b•{Žs‘å—¢’¬,2—¼,244•¶,8“l,2244,4,0,0,0,4,14,48,28.6,0,0,28.6,14.3,138.566635,35.617989
44,‰º‰Í“Œ‘º,‚µ‚à‚ª‚Æ‚¤,ŽR—œŒ§’†‰›Žs‰º‰Í“Œ,20—¼1•ª,193•¶,7Î6“l,20443,30,16,16,5,25,85,291,35.3,18.8,5.9,29.4,20.6,138.53903,35.599662
45,¬“‡‘º,‚È‚é‚µ‚Ü,ŽR—œŒ§’†‰›Žs¬“‡,19—¼1•ª,214•¶6•ª,5Î7“l,19464.6,25,7,7,9,16,95,281,26.3,7.4,9.5,16.8,17.9,138.545483,35.602445
46,¼‚‹´‘º,‚É‚µ‚½‚©‚Í‚µ,ŽR—œŒ§b•{Žs¼‚‹´’¬,,138•¶6•ª,3“l,138.6,0,3,3,0,0,32,126,0,9.4,0,0,0,138.599085,35.637627
,,,,,,,,,,,,,,,,,,,,,
